<?xml version="1.0" encoding="UTF-8"?>

	<!-- ================= COPYRIGHT 2011 ACCENTURE =================== -->
	<!-- All Rights Reserved. Accenture Confidential and Proprietary.   -->
	<!-- Any third-party names or trademarks contained in this document -->
	<!-- are the property of their respective owners.                   -->

<p:CodesTableConfigurations
	xmlns:p="http://www.example.org/CodesTableConfigurations" xmlns:xsi="http://www.w3.org/2001/XMLSchema-instance"
	xsi:schemaLocation="http://www.example.org/CodesTableConfigurations CodesTableConfiguration.xsd ">

	<p:CodesTableConfiguration>
		<p:referenceName>Countries</p:referenceName>
		<p:tableName>COUNTRY</p:tableName>
		<p:category>'COUNTRY_NAMES'</p:category>
		<p:code>COUNTRY_ID</p:code>
		<p:decode>NAME</p:decode>
		<p:sqlStatement></p:sqlStatement>
	</p:CodesTableConfiguration>

</p:CodesTableConfigurations>