<?xml version="1.0"?>
<config>

    <jsp>
        <mainpage>/main.jsp</mainpage>
        <previewpage>/preview.jsp</previewpage>
        <sentpage>/sent.jsp</sentpage>
        <errorpage>/error.jsp</errorpage>
        <!-- <loginpage>/login/UserLoginPopUp.jsp</loginpage> -->
        <testmode>false</testmode>
    </jsp>
    <testmode>false</testmode>
    <e>
        <exception>
            <error>Exception in FormSendServlet</error>
        </exception>
    </e>

    <supportedparameternames>
        sendTo,sendCc,sendBcc,sendSubject,returnUrl,returnUrlVerbiage,delimSendTo,timeStamp,userID,previewPage
    </supportedparameternames>

</config>
