<?xml version="1.0" encoding="UTF-8"?>
<Configuration>
<Appenders>
    <Console name="Console" target="SYSTEM_OUT">
        <PatternLayout pattern="%d{ISO8601} [%t] %-5p %c{1}: %m %n"/>
    </Console>
    <RollingFile name="File"
                 fileName="/usr/local/tomee/logs/mepl.log"
                 filePattern="/usr/local/tomee/logs/mepl-%i.log">
        <PatternLayout>
            <Pattern>%-6p: %d{MM.dd.yyyy:HHmm '('ss.SSS')'} [%x%t] %c{1}: %m %n</Pattern>
        </PatternLayout>
        <Policies>
            <SizeBasedTriggeringPolicy size="2 MB"/>
        </Policies>
        <DefaultRolloverStrategy max="10"/>
    </RollingFile>
</Appenders>
<Loggers>
    <Root level="DEBUG">
        <AppenderRef ref="File" />
        <AppenderRef ref="Console" />
    </Root>
    <Logger name="org.apache.commons" level="INFO" />
    <Logger name="com.sun.faces" level="INFO" />
    <Logger name="org.hibernate" level="INFO" />
    <Logger name="org.hibernate.SQL" level="INFO" />
    <Logger name="net.sf.hibernate" level="INFO" />
</Loggers>
</Configuration>