[{ 
  "mappedStatuses": {
    "Converted": "Converted",
     "ShowAll": "Show All"
    },
    "colors": {
      "0": "bgBlue",
      "1": "bgYellow"
    },
    "searchSourceMappedCriterias": {
      "sku": "SKU",
      "Itemdescription": "Item Description",
      "UPC": "UPC",
      "DisplayY": "Display-Y",
      "DisplayN": "Display-N",
      "WHSE": "WHSE",
      "DSD": "DSD"
    },
    "searchTargetMappedCriterias": {
      "cic": "CIC",
      "Itemdescription": "Item Description",
      "DisplayY": "Display-Y",
      "DisplayN": "Display-N",
      "WHSE": "WHSE",
      "DSD": "DSD"
    }
 }]
