[{ 
  "sourceStatuses": {
      "tobemapped": "To Be Mapped",
      "mapped": "Mapped",
      "markasdead": "Mark As Dead",
      "forcenew": "Force New",
      "letautomatch": "Let Auto Match",
      "reserved": "Reserved", 
      "showall": "Show All" 
    },
     "targetStatuses": {
      "tobemapped": "To Be Mapped",
      "mapped": "Mapped",
      "showall": "Show All" 
    },
    "sourceColors": {
      "0": "bgBlue",
      "1": "bgGreen",
      "2": "bgGrey",
      "3": "bgDarkPink",
      "4": "bgViolet",
      "5": "bgLimeBlue",
      "6": "bgYellow"
    },
     "targetColors": {
      "0": "bgBlue",
      "1": "bgGreen",
      "2": "bgYellow"
    },
    "sourceSearchCriterias": {
      "sku": "SKU",
      "itemdescription": "Item Description",
      "upc": "UPC",
      "plu": "PLU"
    },
    "targetSearchCriterias": {
      "cic": "CIC",
      "itemdescription": "Item Description",
      "upc": "UPC",
      "plu": "PLU"
    }
 }]
