{
  "data": [
    {
      "id": 1,
      "dept": "office",
      "location": "New York"
    },
    {
      "id": 2,
      "dept": "factory",
      "location": "San Francisco"
    },
    {
      "id": 3,
      "dept": "technology",
      "location": "Dallas"
    },
    {
      "id": 4,
      "dept": "Software",
      "location": "Waco"
    }
  ],
  "userInfo": [
    {
      "username": "userOne",
      "email": "wacosoftware@gmail.com",
      "id": 1
    },
    {
      "username": "tony tiger",
      "email": "tiger@gmail.com",
      "id": "c89b3c1e-1076-49f7-9a53-8b53fab1fb0b"
    },
    {
      "username": "bugs bunny",
      "email": "bunny@yahoo.com",
      "id": "9b12e7e2-cb95-449b-aa35-ccfe70204b1f"
    },
    {
      "username": "porky pig",
      "email": "porkypig@gmail.com",
      "id": "f885dd58-19b7-4f08-8633-6b9bba355216"
    }
  ],
  "lastSearch": [
    {
      "firstName": "Jim",
      "lastName": "Galley",
      "age": 41,
      "id": 1,
      "lastTokenRefresh": 123134234
    }
  ],
  "MEMI01": [
    {
      "Name": "Sam",
      "id": 34
    },
    {
      "Name": "Steve",
      "id": 41
    }
  ],
  "MEMI02": [
    {
      "Name": "Sara",
      "id": 37
    },
    {
      "Name": "John",
      "id": 49
    }
  ],
  "MEMI03": [
    {
      "Name": "Shane",
      "id": 43
    },
    {
      "Name": "Edward",
      "id": 14
    }
  ],
  "MEMI08": [
    {
      "id": 12,
      "itemdesc": "v-8 v-8 JUICE",
      "pack": 24,
      "vcf": 1,
      "size": "11.5Z",
      "upc": 14
    },
    {
      "id": 17,
      "itemdesc": "BTTL RTRN BOTTLE RETURN",
      "pack": 1,
      "vcf": 1,
      "size": "1EA",
      "upc": 22
    },
    {
      "id": 20,
      "itemdesc": "TWINBROOK QUART BTTL RETURN",
      "pack": 1,
      "vcf": 1,
      "size": "1EA",
      "upc": 22
    },
    {
      "id": 27,
      "itemdesc": "FLYING COW BTTL RETURN",
      "pack": 1,
      "vcf": 1,
      "size": "1EA",
      "upc": 26
    },
    {
      "id": 28,
      "itemdesc": "CHURCH ST FOURTUNADO NO4",
      "pack": 1,
      "vcf": 1,
      "size": "1EA",
      "upc": 35
    },
    {
      "id": 29,
      "itemdesc": "BTTL RTRN BOTTLE RETURN",
      "pack": 8,
      "vcf": 1,
      "size": "2OZ",
      "upc": 36
    },
    {
      "id": 31,
      "itemdesc": "JUDYS DK PPMNT PATTY",
      "pack": 50,
      "vcf": 1,
      "size": "1",
      "upc": 41
    },
    {
      "id": 37,
      "itemdesc": "CHURCH ST NW HONEY BAR",
      "pack": 8,
      "vcf": 1,
      "size": "2OZ",
      "upc": 49
    },
    {
      "id": 51,
      "itemdesc": "TONYS COFFEE BNS-TONYS",
      "pack": 1,
      "vcf": 1,
      "size": "PERLB",
      "upc": 73
    },
    {
      "id": 63,
      "itemdesc": "BUTTER SINGLE BUTTER CUBE",
      "pack": 1,
      "vcf": 1,
      "size": "1EA",
      "upc": 92
    },
    {
      "id": 64,
      "itemdesc": "MARGARINE MARGARINE CUBE",
      "pack": 1,
      "vcf": 1,
      "size": "1EA",
      "upc": 93
    },
    {
      "id": 69,
      "itemdesc": "MARGARINE BUTTER CUBE",
      "pack": 1,
      "vcf": 1,
      "size": "1EA",
      "upc": 95
    }
  ],

  "MEMI13": [
    {
      "id": 12,
      "itemdesc": "VvVv-8 v-8 JUICE",
      "pack": 24,
      "vcf": 1,
      "size": "11.5Z",
      "upc": 14,
      "dept": "it",
      "amount": 32,
      "badge": 48
    }
  ],
  "MEMI20": [
    {
      "id": 12,
      "itemdesc": "VvVv-20 v-20 JUICE",
      "pack": 24,
      "vcf": 1,
      "size": "11.5Z",
      "upc": 14,
      "dept": "it",
      "amount": 32,
      "badge": 48
    }
  ],
  "MEMI14-A": [
    {
      "id": 1,
      "itemdesc": "The Macallian Scotch",
      "pack": 1,
      "vcf": 1,
      "size": "0.75LT",
      "usage": "R",
      "smic": "89-3-31-1-0",
      "display": "N",
      "one time buy ind": "",
      "inner pack": "",
      "product src": "WHSE",
      "true dsd": "Y",
      "dc count": 2,
      "cic": 89023456,
      "corp status": "V",
      "case upc": "0-0-9-12345-54321"
    },
    {
      "id": 2,
      "itemdesc": "The Macallian Scotch",
      "pack": 1,
      "vcf": 1,
      "size": "0.75LT",
      "usage": "R",
      "smic": "89-3-31-1-0",
      "display": "N",
      "one time buy ind": "",
      "inner pack": "",
      "product src": "WHSE",
      "true dsd": "Y",
      "dc count": 2,
      "cic": 89023456,
      "corp status": "V",
      "case upc": "0-0-9-12345-54321"
    },
    {
      "id": 3,
      "itemdesc": "The Macallian Scotch",
      "pack": 1,
      "vcf": 1,
      "size": "0.75LT",
      "usage": "R",
      "smic": "89-3-31-1-0",
      "display": "N",
      "one time buy ind": "",
      "inner pack": "",
      "product src": "WHSE",
      "true dsd": "Y",
      "dc count": 2,
      "cic": 89023456,
      "corp status": "V",
      "case upc": "0-0-9-12345-54321"
    },
    {
      "id": 4,
      "itemdesc": "The Macallian Scotch",
      "pack": 1,
      "vcf": 1,
      "size": "0.75LT",
      "usage": "R",
      "smic": "89-3-31-1-0",
      "display": "N",
      "one time buy ind": "",
      "inner pack": "",
      "product src": "WHSE",
      "true dsd": "Y",
      "dc count": 2,
      "cic": 89023456,
      "corp status": "V",
      "case upc": "0-0-9-12345-54321"
    },
    {
      "id": 5,
      "itemdesc": "The Macallian Scotch",
      "pack": 1,
      "vcf": 1,
      "size": "0.75LT",
      "usage": "R",
      "smic": "89-3-31-1-0",
      "display": "N",
      "one time buy ind": "",
      "inner pack": "",
      "product src": "WHSE",
      "true dsd": "Y",
      "dc count": 2,
      "cic": 89023456,
      "corp status": "V",
      "case upc": "0-0-9-12345-54321"
    },
    {
      "id": 6,
      "itemdesc": "The Macallian Scotch",
      "pack": 1,
      "vcf": 1,
      "size": "0.75LT",
      "usage": "R",
      "smic": "89-3-31-1-0",
      "display": "N",
      "one time buy ind": "",
      "inner pack": "",
      "product src": "WHSE",
      "true dsd": "Y",
      "dc count": 2,
      "cic": 89023456,
      "corp status": "V",
      "case upc": "0-0-9-12345-54321"
    }
  ],
  "MEMI17": [
    {
      "id": 1,
      "departments": "BAKERY",
      "whse-a": 0,
      "dsd-a": 0,
      "total-a": 8,
      "imagea": "#",
      "whse-b": 0,
      "dsd-b": 8,
      "total-b": 0,
      "imageb": "#",
      "whse-c": 0,
      "dsd-c": 8,
      "total-c": 0,
      "imagec": "#"
    },
    {
      "id": 2,
      "departments": "OFFICE",
      "whse-a": 0,
      "dsd-a": 0,
      "total-a": 8,
      "imagea": "#",
      "whse-b": 0,
      "dsd-b": 8,
      "total-b": 0,
      "imageb": "#",
      "whse-c": 0,
      "dsd-c": 8,
      "total-c": 0,
      "imagec": "#"
    },
    {
      "id": 3,
      "departments": "ACCOUNTING",
      "whse-a": 0,
      "dsd-a": 0,
      "total-a": 8,
      "imagea": "#",
      "whse-b": 0,
      "dsd-b": 8,
      "total-b": 0,
      "imageb": "#",
      "whse-c": 0,
      "dsd-c": 8,
      "total-c": 0,
      "imagec": "#"
    },
    {
      "id": 4,
      "departments": "PRODUCE",
      "whse-a": 0,
      "dsd-a": 0,
      "total-a": 8,
      "imagea": "#",
      "whse-b": 0,
      "dsd-b": 8,
      "total-b": 0,
      "imageb": "#",
      "whse-c": 0,
      "dsd-c": 8,
      "total-c": 0,
      "imagec": "#"
    },
    {
      "id": 5,
      "departments": "Total Count",
      "whse-a": 0,
      "dsd-a": 0,
      "total-a": 8,
      "imagea": "#",
      "whse-b": 0,
      "dsd-b": 8,
      "total-b": 0,
      "imageb": "#",
      "whse-c": 0,
      "dsd-c": 8,
      "total-c": 0,
      "imagec": "#"
    }
  ],

  "MEMI21": [
    {
      "id": 0,
      "CIC": 8050284,
      "Item Description": "San Pellegrini Pomegranate Orange",
      "Pack": 4,
      "VCF": 1,
      "Size": "12 FZ",
      "UPCs": "0-0-41508-51181",
      "Retail Section": "GROCERY",
      "SMIC": "08-05-10-65-01",
      "DSD/WHSE": "WHSE",
      "Cost": 15.65,
      "Vendor Name": "Nestle Waters of North America"
    },
    {
      "id": 1,
      "CIC": 8050284,
      "Item Description": "San Pellegrini Pomegranate Orange",
      "Pack": 4,
      "VCF": 1,
      "Size": "12 FZ",
      "UPCs": "0-0-41508-51181",
      "Retail Section": "GROCERY",
      "SMIC": "08-05-10-65-01",
      "DSD/WHSE": "WHSE",
      "Cost": 15.65,
      "Vendor Name": "Nestle Waters of North America"
    },
    {
      "id": 2,
      "CIC": 8050284,
      "Item Description": "San Pellegrini Pomegranate Orange",
      "Pack": 4,
      "VCF": 1,
      "Size": "12 FZ",
      "UPCs": "0-0-41508-51181",
      "Retail Section": "GROCERY",
      "SMIC": "08-05-10-65-01",
      "DSD/WHSE": "WHSE",
      "Cost": 15.65,
      "Vendor Name": "Nestle Waters of North America"
    },
    {
      "id": 3,
      "CIC": 8050284,
      "Item Description": "San Pellegrini Pomegranate Orange",
      "Pack": 4,
      "VCF": 1,
      "Size": "12 FZ",
      "UPCs": "0-0-41508-51181",
      "Retail Section": "GROCERY",
      "SMIC": "08-05-10-65-01",
      "DSD/WHSE": "WHSE",
      "Cost": 15.65,
      "Vendor Name": "Nestle Waters of North America"
    },
    {
      "id": 4,
      "CIC": 8050284,
      "Item Description": "San Pellegrini Pomegranate Orange",
      "Pack": 4,
      "VCF": 1,
      "Size": "12 FZ",
      "UPCs": "0-0-41508-51181",
      "Retail Section": "GROCERY",
      "SMIC": "08-05-10-65-01",
      "DSD/WHSE": "WHSE",
      "Cost": 15.65,
      "Vendor Name": "Nestle Waters of North America"
    },
    {
      "id": 5,
      "CIC": 8050284,
      "Item Description": "San Pellegrini Pomegranate Orange",
      "Pack": 4,
      "VCF": 1,
      "Size": "12 FZ",
      "UPCs": "0-0-41508-51181",
      "Retail Section": "GROCERY",
      "SMIC": "08-05-10-65-01",
      "DSD/WHSE": "WHSE",
      "Cost": 15.65,
      "Vendor Name": "Nestle Waters of North America"
    },
    {
      "id": 6,
      "CIC": 8050284,
      "Item Description": "San Pellegrini Pomegranate Orange",
      "Pack": 4,
      "VCF": 1,
      "Size": "12 FZ",
      "UPCs": "0-0-41508-51181",
      "Retail Section": "GROCERY",
      "SMIC": "08-05-10-65-01",
      "DSD/WHSE": "WHSE",
      "Cost": 15.65,
      "Vendor Name": "Nestle Waters of North America"
    }
  ],

  "MEMI22": [
    {
      "id": 0,
      "Product SKU": 77177,
      "Item Description": "House bee fortune ck bag",
      "Pack": 8,
      "VCF": 1,
      "Size": 50,
      "UPC": "0-2-04213-00000",
      "Department": "DELI",
      "Product Hierachy": "650-950-550",
      "DSD/WHSE": "DSD",
      "Cost": 17.63,
      "Max Retail": 4.99,
      "Vendor Name": "DPI SPECIALTY FOODS"
    },
    {
      "id": 1,
      "Product SKU": 76959,
      "Item Description": "Tartises Quiche LG PEP CLD",
      "Pack": 6,
      "VCF": 1,
      "Size": 1,
      "UPC": "0-2-04213-00000",
      "Department": "DELI",
      "Product Hierachy": "650-950-550",
      "DSD/WHSE": "DSD",
      "Cost": 17.63,
      "Max Retail": 4.99,
      "Vendor Name": "DPI SPECIALTY FOODS"
    },
    {
      "id": 2,
      "Product SKU": 77177,
      "Item Description": "House bee fortune ck bag",
      "Pack": 8,
      "VCF": 1,
      "Size": 50,
      "UPC": "0-2-04213-00000",
      "Department": "DELI",
      "Product Hierachy": "650-950-550",
      "DSD/WHSE": "DSD",
      "Cost": 17.63,
      "Max Retail": 4.99,
      "Vendor Name": "DPI SPECIALTY FOODS"
    },
    {
      "id": 3,
      "Product SKU": 77177,
      "Item Description": "House bee fortune ck bag",
      "Pack": 8,
      "VCF": 1,
      "Size": 50,
      "UPC": "0-2-04213-00000",
      "Department": "DELI",
      "Product Hierachy": "650-950-550",
      "DSD/WHSE": "DSD",
      "Cost": 17.63,
      "Max Retail": 4.99,
      "Vendor Name": "DPI SPECIALTY FOODS"
    },
    {
      "id": 4,
      "Product SKU": 77177,
      "Item Description": "House bee fortune ck bag",
      "Pack": 8,
      "VCF": 1,
      "Size": 50,
      "UPC": "0-2-04213-00000",
      "Department": "DELI",
      "Product Hierachy": "650-950-550",
      "DSD/WHSE": "DSD",
      "Cost": 17.63,
      "Max Retail": 4.99,
      "Vendor Name": "DPI SPECIALTY FOODS"
    },
    {
      "id": 5,
      "Product SKU": 77177,
      "Item Description": "House bee fortune ck bag",
      "Pack": 8,
      "VCF": 1,
      "Size": 50,
      "UPC": "0-2-04213-00000",
      "Department": "DELI",
      "Product Hierachy": "650-950-550",
      "DSD/WHSE": "DSD",
      "Cost": 17.63,
      "Max Retail": 4.99,
      "Vendor Name": "DPI SPECIALTY FOODS"
    }
  ],
  "MEMI23": [
    {
      "id": 1,
      "departments": "BAKERY",
      "whse-a": 0,
      "dsd-a": 8,
      "total-a": 8,
      "imagea": "#",
      "whse-b": 0,
      "dsd-b": 8,
      "total-b": 8,
      "imageb": "#"
    },
    {
      "id": 2,
      "departments": "OFFICE",
      "whse-a": 0,
      "dsd-a": 8,
      "total-a": 8,
      "imagea": "#",
      "whse-b": 0,
      "dsd-b": 8,
      "total-b": 8,
      "imageb": "#"
    },
    {
      "id": 3,
      "departments": "ACCOUNTING",
      "whse-a": 0,
      "dsd-a": 8,
      "total-a": 8,
      "imagea": "#",
      "whse-b": 0,
      "dsd-b": 8,
      "total-b": 8,
      "imageb": "#"
    },
    {
      "id": 4,
      "departments": "FINANCE",
      "whse-a": 0,
      "dsd-a": 8,
      "total-a": 8,
      "imagea": "#",
      "whse-b": 0,
      "dsd-b": 8,
      "total-b": 8,
      "imageb": "#"
    },
    {
      "id": 5,
      "departments": "PRODUCE",
      "whse-a": 0,
      "dsd-a": 8,
      "total-a": 8,
      "imagea": "#",
      "whse-b": 0,
      "dsd-b": 8,
      "total-b": 8,
      "imageb": "#"
    },
    {
      "id": 9,
      "departments": "Total Count",
      "whse-a": 0,
      "dsd-a": 0,
      "total-a": 0,
      "imagea": "",
      "whse-b": 0,
      "dsd-b": 0,
      "total-b": 0,
      "imageb": ""
    }
  ],
  "MEMI24_A": [
    {
      "id": 1,
      "Product SKU": 2340987,
      "Item Desc": "LAUGH COW SHPR WEDGES",
      "Pack": 1,
      "VCF": 1,
      "Size": 1,
      "Disp Cand.": "N",
      "Disp": "N",
      "WHSE/DSD": "DSD",
      "Case UPC": 0
    }
  ],
  "MEMI24_B": [
    {
      "id": 1,
      "Product SKU": 2340987,
      "Item Desc": "LAUGH COW SHPR WEDGES",
      "Case UPC": 0,
      "Cost": 129.29
    }
  ],
  "MEMI24_C": [
    {
      "id": 1,
      "CIC": "",
      "Case UPC": "",
      "DisplayItem": "",
      "UPC Match": "",
      "QTY Match": "",
      "Cost Match": ""
    }
  ],
  "ConfigurationSets": [
    { "id": 1, "description": "Single UPC WHSE" },
    { "id": 2, "description": "Multiple UPC WHSE" },
    { "id": 3, "description": "Single UPC DSD" },
    { "id": 4, "description": "Multiple UPC DSD" },
    { "id": 5, "description": "Display Items" }
  ],

  "MEMIMenu": [
    { "id": 1, "label": "Single UPC WHSE", "link": "/MEMI10" },
    { "id": 2, "label": "Multiple UPC WHSE" , "children":[

{ "id": 4, "label": "Multiple UPC DSD" , "link": "/MEMI5" }
]},
    { "id": 5, "label": "Display Items" , "link": "/MEMI11" },
    { "id": 3, "label": "Single UPC DSD" , "link": "/MEMI10" },
    { "id": 4, "label": "Multiple UPC DSD" , "link": "/MEMI10" },
    { "id": 5, "label": "Display Items" , "link": "/MEMI10" }
  ],
 
 

"MEUPMenu": [
    { "id": 1, "label": "Single UPC WHSE", "link": "/MEMI10" },
    { "id": 2, "label": "Multiple UPC WHSE" , "children":[

{ "id": 4, "label": "Multiple UPC DSD" , "link": "/MEMI5" }
]},
    { "id": 5, "label": "Display Items" , "link": "/MEMI11" },
    { "id": 3, "label": "Single UPC DSD" , "link": "/MEMI10" },
    { "id": 4, "label": "Multiple UPC DSD" , "link": "/MEMI10" },
    { "id": 5, "label": "Display Items" , "link": "/MEMI10" }
  ],
 

  "ConfigurationVars": [
    {
      "id": 1,
      "name": "lastTokenRefresh",
      "value": 1,
      "description": "Last 1Token Refresh Time - Integer"
    },
    {
      "id": 2,
      "name": "refreshToken",
      "value": 2,
      "description": "tokenRefresh"
    },
    { "id": 3, "name": "lastLogin", "value": 3, "description": "Last 3" }
  ],

  "MEUP54":[
    {
    "id":1,
    "Div":33,
    "store":1420,
    "category":"1903-Prepackged CoffeeHot",
    "upc":"001114110271",
    "cic":"19030089",
    "Description":"Eight o clock OFF 100% colombian Ground",
    "Item Type":"Warehouse",
    "Size":"11.OZ",
    "UOM":"OZ",
    "case pk":"6.0",
    "State":"Unaalocated",
    "State Effective Date":" ",
    "Status":"Blocked",
    "DeletedDate":"01/31/2022",
    "History":" "
    }
  ],

  "MEUP57":[
    {
    "id":1,
    "Item CIC/UPC":" ",
    "store":1429,
    "Reason":"Invalid store number"
    
    }
  ],




  "MEUP51" : [
    { 
      "SMIC":8001, 
      "Category": "WOMEN'S SHEER PANTYHOSE", 
      "UPC":74200813326, 
      "Corp Code": 80010028, 
      "Long Description": "JST MY SZ HS REG NUDE 3X", 
      "Size":1, "UOM": "PR", 
      "Case Pk": 3, 
      "Blocked On": "01/16/2007"
    },
    { 
      "SMIC":8001, 
      "Category": "WOMEN'S SHEER PANTYHOSE", 
      "UPC":74200813326, 
      "Corp Code": 80010036, 
      "Long Description": "JST MY SZ HOSE REG RNF SUNTAN 4X", 
      "Size":1, 
      "UOM": "PR", 
      "Case Pk": 3, 
      "Blocked On": "01/16/2007"
    },
    {
      "SMIC":8001, 
      "Category": "WOMEN'S SHEER PANTYHOSE", 
      "UPC":74200813326, 
      "Corp Code": 80010036, 
      "Long Description": "JST MY SZ HOSE REG RNF SUNTAN 4X", 
      "Size":1, 
      "UOM": "PR", 
      "Case Pk": 3, 
      "Blocked On": "01/16/2007"
    },
    {
      "SMIC":8001, 
      "Category": "WOMEN'S SHEER PANTYHOSE", 
      "UPC":74200813326, 
      "Corp Code": 80010032, 
      "Long Description": "JST MY SZ HOSE REG RNF SUNTAN 4X", 
      "Size":1, 
      "UOM": "PR", 
      "Case Pk": 3, 
      "Blocked On": "01/16/2007"
    },
    {
      "SMIC":8001, 
      "Category": "WOMEN'S SHEER PANTYHOSE", 
      "UPC":74200813326, 
      "Corp Code": 80010032, 
      "Long Description": "JST MY SZ HOSE REG RNF SUNTAN 4X", 
      "Size":1, 
      "UOM": "EA", 
      "Case Pk": 3, 
      "Blocked On": "01/16/2007"
    },
    {
      "SMIC":8001, 
      "Category": "WOMEN'S SHEER PANTYHOSE", 
      "UPC":74200813326, 
      "Corp Code": 80010032, 
      "Long Description": "JST MY SZ HOSE REG RNF SUNTAN 4X", 
      "Size":1, 
      "UOM": "XS", 
      "Case Pk": 4, 
      "Blocked On": "01/16/2007"
    }
  ],
  "group": [
    {"label":"01-CANDY, GUM & MINTS", "value":"01"}, 
    {"value": "02", "label": "02-COOKIES/CRACKERS & MISC SNACKS"}, 
    {"label": "04-JAMS, JELLIES & SPREADS", "value": "04"}, 
    {"label": "05-JAMS, JELLIES & SPREADS", "value": "05"}, 
    {"label": "06-JAMS, JELLIES & SPREADS", "value": "06"}
  ],
  
  "category" : [
    {"label": "9500-IN-STORE SWEET BAKED GOODS", "value":"01"}, 
    {"label": "9500-IN-STORE SWEET BAKED GOODS", "value":"02"}
  ],

  "companies" : [{"companyID":"1","companyLglNm":"US SWY"},{"companyID":"300","companyLglNm":"PM2"},{"companyID":"34","companyLglNm":"ROYAL"},{"companyID":"555","companyLglNm":"SHAWS"},{"companyID":"666","companyLglNm":"JEWEL OSCO"},{"companyID":"777","companyLglNm":"JEWEL MERCH"},{"companyID":"888","companyLglNm":"ACME"},{"companyID":"999","companyLglNm":"HAGGEN"}],
  "divisions": [{"divisionID":"3400","divisionNm":"ROYAL","divisionLglNm":"ROYAL","companyID":"34"}]
}
