<?xml version="1.0" encoding="UTF-8"?>

	<!-- ================= COPYRIGHT 2011 ACCENTURE =================== -->
	<!-- All Rights Reserved. Accenture Confidential and Proprietary.   -->
	<!-- Any third-party names or trademarks contained in this document -->
	<!-- are the property of their respective owners.                   -->
	
<sitemesh>
	<property name="decorators-file" value="/WEB-INF/decorators.xml" />
	<excludes file="${decorators-file}" />

	<page-parsers>
		<parser content-type="text/html"
			class="com.opensymphony.module.sitemesh.parser.HTMLPageParser" />
	</page-parsers>
	<decorator-mappers>
		<mapper class="com.opensymphony.module.sitemesh.mapper.FileDecoratorMapper" />
		<mapper
			class="com.opensymphony.module.sitemesh.mapper.ConfigDecoratorMapper">
			<param name="config" value="${decorators-file}" />
		</mapper>
	</decorator-mappers>
</sitemesh>