[{
  "customVO": {
    "userId": "Anonymous",
    "columnList": [
      {
        "label": "Product SKU",
        "width": "145px !important",
        "product": "#3196d3",
        "id": "src_prod_sku"
      },
      {
        "label": "Department",
        "width": "100px !important",
        "product": "#3196d3",
        "id": "src_dept_name"
      },
      {
        "label": "Desc Size",
        "width": "100px !important",
        "product": "#3196d3",
        "id": "src_desc_size"
      },
      {
        "label": "Item Description",
        "width": "300px !important",
        "product": "#3196d3",
        "id": "src_item_description"
      },
      {
        "label": "UPC",
        "width": "110px !important",
        "product": "#3196d3",
        "id": "src_upc"
      },
      {
        "label": "Pack",
        "width": "40px !important",
        "product": "#3196d3",
        "id": "src_pack"
      },
      {
        "label": "PLU",
        "width": "50px !important",
        "product": "#3196d3",
        "id": "src_plu"
      },
      {
        "label": "VCF",
        "width": "40px !important",
        "product": "#3196d3",
        "id": "src_vcf"
      },
      {
        "label": "Prod Src",
        "width": "40px !important",
        "product": "#3196d3",
        "id": "src_whse_dsd"
      },
      {
        "label": "UOM",
        "width": "40px !important",
        "product": "#3196d3",
        "id": "src_uom"
      },
      {
        "label": "Supplier No",
        "width": "70px !important",
        "product": "#3196d3",
        "id": "src_suplier_no"
      },
      {
        "label": "Conv.Status Code",
        "width": "40px !important",
        "product": "#3196d3",
        "id": "src_conv_st_cd"
      },
      {
        "label": "Conv.Status Sub Code",
        "width": "40px !important",
        "product": "#3196d3",
        "id": "src_conv_st_sb_cd"
      },
      {
        "label": "CIC",
        "width": "65px !important",
        "product": "#c15112",
        "id": "tgt_corp_item_cd"
      },
      {
        "label": "Item Description",
        "width": "300px !important",
        "product": "#c15112",
        "id": "tgt_item_desc"
      },
      {
        "label": "PLU",
        "width": "60px !important",
        "product": "#c15112",
        "id": "tgt_plu_cd"
      },
      {
        "label": "PackWhse",
        "width": "40px !important",
        "product": "#c15112",
        "id": "tgt_pack_whse"
      },
      {
        "label": "PackRetail",
        "width": "50px !important",
        "product": "#c15112",
        "id": "tgt_pack_Retail"
      }
    ],
    "availableList": [
      {
        "label": "Hier1 Name",
        "width": "150px !important",
        "product": "#3196d3",
        "id": "hier1_lvl_name"
      },
      {
        "label": "Hier2 Name",
        "width": "150px !important",
        "product": "#3196d3",
        "id": "hier2_lvl_name"
      },
      {
        "label": "Hier3 Name",
        "width": "150px !important",
        "product": "#3196d3",
        "id": "hier3_lvl_name"
      },
      {
        "label": "Exc CIC",
        "width": "80px !important",
        "product": "#3196d3",
        "id": "src_exc_cic"
      },
      {
        "label": "ROG",
        "width": "60px !important",
        "product": "#3196d3",
        "id": "src_rog"
      },
      {
        "label": "VCF",
        "width": "40px !important",
        "product": "#c15112",
        "id": "tgt_vcf"
      },
      {
        "label": "UPC",
        "width": "120px !important",
        "product": "#c15112",
        "id": "tgt_upc"
      },
      {
        "label": "Size",
        "width": "60px !important",
        "product": "#c15112",
        "id": "tgt_cds_size"
      },
      {
        "label": "NumSize",
        "width": "40px !important",
        "product": "#3196d3",
        "id": "src_numeric_size"
      },
      {
        "label": "SizeUOM",
        "width": "40px !important",
        "product": "#c15112",
        "id": "tgt_uom"
      },
      {
        "label": "SizeNum",
        "width": "40px !important",
        "product": "#c15112",
        "id": "tgt_size_num"
      },
      {
        "label": "UnitType",
        "width": "30px !important",
        "product": "#c15112",
        "id": "tgt_unit_type"
      },
      {
        "label": "Division",
        "width": "30px !important",
        "product": "#c15112",
        "id": "tgt_division"
      },
      {
        "label": "DSTCentre",
        "width": "40px !important",
        "product": "#c15112",
        "id": "tgt_dst_cntr"
      },
      {
        "label": "Facility",
        "width": "40px !important",
        "product": "#c15112",
        "id": "tgt_facility"
      },
      {
        "label": "DescSize",
        "width": "80px !important",
        "product": "#c15112",
        "id": "tgt_wds_size_desc"
      },
      {
        "label": "DescPack",
        "width": "40px !important",
        "product": "#c15112",
        "id": "tgt_wds_pack_desc"
      },
      {
        "label": "SizeDesc",
        "width": "40px !important",
        "product": "#c15112",
        "id": "tgt_urx_Size_desc"
      },
      {
        "label": "UPCInd",
        "width": "30px !important",
        "product": "#c15112",
        "id": "tgt_item_usage_ind"
      }
    ],
    "masterList": [
      {
        "label": "Product SKU",
        "width": "145px !important",
        "product": "#3196d3",
        "id": "src_prod_sku"
      },
      {
        "label": "Department",
        "width": "100px !important",
        "product": "#3196d3",
        "id": "src_dept_name"
      },
      {
        "label": "Desc Size",
        "width": "100px !important",
        "product": "#3196d3",
        "id": "src_desc_size"
      },
      {
        "label": "Item Description",
        "width": "300px !important",
        "product": "#3196d3",
        "id": "src_item_description"
      },
      {
        "label": "UPC",
        "width": "110px !important",
        "product": "#3196d3",
        "id": "src_upc"
      },
      {
        "label": "Pack",
        "width": "40px !important",
        "product": "#3196d3",
        "id": "src_pack"
      },
      {
        "label": "PLU",
        "width": "50px !important",
        "product": "#3196d3",
        "id": "src_plu"
      },
      {
        "label": "VCF",
        "width": "40px !important",
        "product": "#3196d3",
        "id": "src_vcf"
      },
      {
        "label": "Prod Src",
        "width": "40px !important",
        "product": "#3196d3",
        "id": "src_whse_dsd"
      },
      {
        "label": "UOM",
        "width": "40px !important",
        "product": "#3196d3",
        "id": "src_uom"
      },
      {
        "label": "Supplier No",
        "width": "70px !important",
        "product": "#3196d3",
        "id": "src_suplier_no"
      },
      {
        "label": "Conv.Status Code",
        "width": "40px !important",
        "product": "#3196d3",
        "id": "src_conv_st_cd"
      },
      {
        "label": "Conv.Status Sub Code",
        "width": "40px !important",
        "product": "#3196d3",
        "id": "src_conv_st_sb_cd"
      },
      {
        "label": "CIC",
        "width": "65px !important",
        "product": "#c15112",
        "id": "tgt_corp_item_cd"
      },
      {
        "label": "Item Description",
        "width": "300px !important",
        "product": "#c15112",
        "id": "tgt_item_desc"
      },
      {
        "label": "PLU",
        "width": "60px !important",
        "product": "#c15112",
        "id": "tgt_plu_cd"
      },
      {
        "label": "PackWhse",
        "width": "40px !important",
        "product": "#c15112",
        "id": "tgt_pack_whse"
      },
      {
        "label": "PackRetail",
        "width": "50px !important",
        "product": "#c15112",
        "id": "tgt_pack_Retail"
      },
      {
        "label": "Hier1 Name",
        "width": "150px !important",
        "product": "#3196d3",
        "id": "hier1_lvl_name"
      },
      {
        "label": "Hier2 Name",
        "width": "150px !important",
        "product": "#3196d3",
        "id": "hier2_lvl_name"
      },
      {
        "label": "Hier3 Name",
        "width": "150px !important",
        "product": "#3196d3",
        "id": "hier3_lvl_name"
      },
      {
        "label": "Exc CIC",
        "width": "80px !important",
        "product": "#3196d3",
        "id": "src_exc_cic"
      },
      {
        "label": "ROG",
        "width": "60px !important",
        "product": "#3196d3",
        "id": "src_rog"
      },
      {
        "label": "VCF",
        "width": "40px !important",
        "product": "#c15112",
        "id": "tgt_vcf"
      },
      {
        "label": "UPC",
        "width": "120px !important",
        "product": "#c15112",
        "id": "tgt_upc"
      },
      {
        "label": "Size",
        "width": "60px !important",
        "product": "#c15112",
        "id": "tgt_cds_size"
      },
      {
        "label": "NumSize",
        "width": "40px !important",
        "product": "#3196d3",
        "id": "src_numeric_size"
      },
      {
        "label": "SizeUOM",
        "width": "40px !important",
        "product": "#c15112",
        "id": "tgt_uom"
      },
      {
        "label": "SizeNum",
        "width": "40px !important",
        "product": "#c15112",
        "id": "tgt_size_num"
      },
      {
        "label": "UnitType",
        "width": "30px !important",
        "product": "#c15112",
        "id": "tgt_unit_type"
      },
      {
        "label": "Division",
        "width": "30px !important",
        "product": "#c15112",
        "id": "tgt_division"
      },
      {
        "label": "DSTCentre",
        "width": "40px !important",
        "product": "#c15112",
        "id": "tgt_dst_cntr"
      },
      {
        "label": "Facility",
        "width": "40px !important",
        "product": "#c15112",
        "id": "tgt_facility"
      },
      {
        "label": "DescSize",
        "width": "80px !important",
        "product": "#c15112",
        "id": "tgt_wds_size_desc"
      },
      {
        "label": "DescPack",
        "width": "40px !important",
        "product": "#c15112",
        "id": "tgt_wds_pack_desc"
      },
      {
        "label": "SizeDesc",
        "width": "40px !important",
        "product": "#c15112",
        "id": "tgt_urx_Size_desc"
      },
      {
        "label": "UPCInd",
        "width": "30px !important",
        "product": "#c15112",
        "id": "tgt_item_usage_ind"
      }
    ]
  }
}]