<?xml version="1.0" encoding="UTF-8"?>
<application xmlns:xsi="http://www.w3.org/2001/XMLSchema-instance"
             xmlns:application="http://java.sun.com/xml/ns/javaee/application_5.xsd"
             xmlns="http://java.sun.com/xml/ns/javaee"
             xsi:schemaLocation="http://java.sun.com/xml/ns/javaee http://java.sun.com/xml/ns/javaee/application_5.xsd"
             id="Application_ID" version="5">
    <display-name>mepl</display-name>
    <module>
        <web>
            <web-uri>MEPL.war</web-uri>
            <context-root>mepl</context-root>
        </web>
    </module>
</application>