<?xml version = "1.0" encoding = "UTF-8"?>
<configuration>
    <property name="LOG_PATH" value="/appl/spool/dxpf/log"/>
    <appender name="FILE" class="ch.qos.logback.core.rolling.RollingFileAppender">
    <file>${LOG_PATH}/dxpf.log</file>
    <rollingPolicy class="ch.qos.logback.core.rolling.TimeBasedRollingPolicy">
        <fileNamePattern>${LOG_PATH}/dxpf_%d{yyyy-MM-dd}.log</fileNamePattern>
        <maxHistory>30</maxHistory>
    </rollingPolicy>
    <encoder>
        <pattern>%d %p %c{1.} [%t] %m%n</pattern>
    </encoder>
    </appender>
    <appender name="ErrorFILE" class="ch.qos.logback.core.rolling.RollingFileAppender">
        <file>${LOG_PATH}/dxpferror.log</file>
        <rollingPolicy class="ch.qos.logback.core.rolling.TimeBasedRollingPolicy">
            <fileNamePattern>${LOG_PATH}/dxpferror_%d{yyyy-MM-dd}.log</fileNamePattern>
            <maxHistory>30</maxHistory>
        </rollingPolicy>
        <encoder>
            <pattern>%d %p %c{1.} [%t] %m%n</pattern>
        </encoder>
    </appender>
    <appender name="STDOUT" class="ch.qos.logback.core.ConsoleAppender">
        <encoder>
            <pattern>[%d{yyyy-MM-dd'T'HH:mm:ss.sss'Z'}] [%C] [%t] [%L] [%-5p] %m%n</pattern>
        </encoder>
    </appender>
    <root level="INFO">
        <appender-ref ref="FILE"/>
        <appender-ref ref="STDOUT"/>
    </root>
    <root level="ERROR">
        <appender-ref ref="ErrorFILE"/>
        <appender-ref ref="STDOUT"/>
    </root>
    <root level="DEBUG">
        <appender-ref ref="FILE"/>
        <appender-ref ref="STDOUT"/>
    </root>
</configuration>